{
	"ImportPath": "k8s.io/heapster",
	"GoVersion": "go1.8",
	"GodepVersion": "v80",
	"Packages": [
		"./..."
	],
	"Deps": [
		{
			"ImportPath": "bitbucket.org/ww/goautoneg",
			"Comment": "null-5",
			"Rev": "75cd24fc2f2c2a2088577d12123ddee5f54e0675"
		},
		{
			"ImportPath": "cloud.google.com/go/compute/metadata",
			"Comment": "v0.16.0-75-g3051b91",
			"Rev": "3051b919da3b8d62bc3a57ab4b353ca1c72402d5"
		},
		{
			"ImportPath": "cloud.google.com/go/internal/version",
			"Comment": "v0.16.0-75-g3051b91",
			"Rev": "3051b919da3b8d62bc3a57ab4b353ca1c72402d5"
		},
		{
			"ImportPath": "cloud.google.com/go/monitoring/apiv3",
			"Comment": "v0.16.0-75-g3051b91",
			"Rev": "3051b919da3b8d62bc3a57ab4b353ca1c72402d5"
		},
		{
			"ImportPath": "github.com/PuerkitoBio/purell",
			"Comment": "v1.0.0",
			"Rev": "8a290539e2e8629dbc4e6bad948158f790ec31f4"
		},
		{
			"ImportPath": "github.com/PuerkitoBio/urlesc",
			"Rev": "5bd2802263f21d8788851d5305584c82a5c75d7e"
		},
		{
			"ImportPath": "github.com/Shopify/sarama",
			"Comment": "v1.15.0-22-gd0cc7fe",
			"Rev": "d0cc7fec83626dc42723e528d845d10bf8d82b7f"
		},
		{
			"ImportPath": "github.com/beorn7/perks/quantile",
			"Rev": "3ac7bf7a47d159a033b107610db8a1b6575507a4"
		},
		{
			"ImportPath": "github.com/bluebreezecf/opentsdb-goclient/client",
			"Rev": "539764bd9a9cae6632dea52b5a587451728a3983"
		},
		{
			"ImportPath": "github.com/bluebreezecf/opentsdb-goclient/config",
			"Rev": "539764bd9a9cae6632dea52b5a587451728a3983"
		},
		{
			"ImportPath": "github.com/coreos/etcd/auth/authpb",
			"Comment": "v3.1.10",
			"Rev": "0520cb9304cb2385f7e72b8bc02d6e4d3257158a"
		},
		{
			"ImportPath": "github.com/coreos/etcd/client",
			"Comment": "v3.1.10",
			"Rev": "0520cb9304cb2385f7e72b8bc02d6e4d3257158a"
		},
		{
			"ImportPath": "github.com/coreos/etcd/clientv3",
			"Comment": "v3.1.10",
			"Rev": "0520cb9304cb2385f7e72b8bc02d6e4d3257158a"
		},
		{
			"ImportPath": "github.com/coreos/etcd/etcdserver/api/v3rpc/rpctypes",
			"Comment": "v3.1.10",
			"Rev": "0520cb9304cb2385f7e72b8bc02d6e4d3257158a"
		},
		{
			"ImportPath": "github.com/coreos/etcd/etcdserver/etcdserverpb",
			"Comment": "v3.1.10",
			"Rev": "0520cb9304cb2385f7e72b8bc02d6e4d3257158a"
		},
		{
			"ImportPath": "github.com/coreos/etcd/mvcc/mvccpb",
			"Comment": "v3.1.10",
			"Rev": "0520cb9304cb2385f7e72b8bc02d6e4d3257158a"
		},
		{
			"ImportPath": "github.com/coreos/etcd/pkg/fileutil",
			"Comment": "v3.1.10",
			"Rev": "0520cb9304cb2385f7e72b8bc02d6e4d3257158a"
		},
		{
			"ImportPath": "github.com/coreos/etcd/pkg/pathutil",
			"Comment": "v3.1.10",
			"Rev": "0520cb9304cb2385f7e72b8bc02d6e4d3257158a"
		},
		{
			"ImportPath": "github.com/coreos/etcd/pkg/tlsutil",
			"Comment": "v3.1.10",
			"Rev": "0520cb9304cb2385f7e72b8bc02d6e4d3257158a"
		},
		{
			"ImportPath": "github.com/coreos/etcd/pkg/transport",
			"Comment": "v3.1.10",
			"Rev": "0520cb9304cb2385f7e72b8bc02d6e4d3257158a"
		},
		{
			"ImportPath": "github.com/coreos/etcd/pkg/types",
			"Comment": "v3.1.10",
			"Rev": "0520cb9304cb2385f7e72b8bc02d6e4d3257158a"
		},
		{
			"ImportPath": "github.com/coreos/go-systemd/daemon",
			"Comment": "v8-2-g4484981",
			"Rev": "4484981625c1a6a2ecb40a390fcb6a9bcfee76e3"
		},
		{
			"ImportPath": "github.com/coreos/go-systemd/journal",
			"Comment": "v8-2-g4484981",
			"Rev": "4484981625c1a6a2ecb40a390fcb6a9bcfee76e3"
		},
		{
			"ImportPath": "github.com/coreos/pkg/capnslog",
			"Comment": "v2-8-gfa29b1d",
			"Rev": "fa29b1d70f0beaddd4c7021607cc3c3be8ce94b8"
		},
		{
			"ImportPath": "github.com/davecgh/go-spew/spew",
			"Rev": "5215b55f46b2b919f50a1df0eaa5886afe4e3b3d"
		},
		{
			"ImportPath": "github.com/docker/distribution/digest",
			"Comment": "v2.4.0-rc.1-38-gcd27f17",
			"Rev": "cd27f179f2c10c5d300e6d09025b538c475b0d51"
		},
		{
			"ImportPath": "github.com/docker/distribution/reference",
			"Comment": "v2.4.0-rc.1-38-gcd27f17",
			"Rev": "cd27f179f2c10c5d300e6d09025b538c475b0d51"
		},
		{
			"ImportPath": "github.com/eapache/go-resiliency/breaker",
			"Comment": "v1.0.0-10-gef9aaa7",
			"Rev": "ef9aaa7ea8bd2448429af1a77cf41b2b3b34bdd6"
		},
		{
			"ImportPath": "github.com/eapache/go-xerial-snappy",
			"Rev": "bb955e01b9346ac19dc29eb16586c90ded99a98c"
		},
		{
			"ImportPath": "github.com/eapache/queue",
			"Comment": "v1.1.0",
			"Rev": "44cc805cf13205b55f69e14bcb69867d1ae92f98"
		},
		{
			"ImportPath": "github.com/elazarl/go-bindata-assetfs",
			"Rev": "3dcc96556217539f50599357fb481ac0dc7439b9"
		},
		{
			"ImportPath": "github.com/emicklei/go-restful",
			"Comment": "v1.2-96-g09691a3",
			"Rev": "09691a3b6378b740595c1002f40c34dd5f218a22"
		},
		{
			"ImportPath": "github.com/emicklei/go-restful/log",
			"Comment": "v1.2-96-g09691a3",
			"Rev": "09691a3b6378b740595c1002f40c34dd5f218a22"
		},
		{
			"ImportPath": "github.com/emicklei/go-restful/swagger",
			"Comment": "v1.2-96-g09691a3",
			"Rev": "09691a3b6378b740595c1002f40c34dd5f218a22"
		},
		{
			"ImportPath": "github.com/evanphx/json-patch",
			"Rev": "465937c80b3c07a7c7ad20cc934898646a91c1de"
		},
		{
			"ImportPath": "github.com/ghodss/yaml",
			"Rev": "73d445a93680fa1a78ae23a5839bad48f32ba1ee"
		},
		{
			"ImportPath": "github.com/go-openapi/jsonpointer",
			"Rev": "46af16f9f7b149af66e5d1bd010e3574dc06de98"
		},
		{
			"ImportPath": "github.com/go-openapi/jsonreference",
			"Rev": "13c6e3589ad90f49bd3e3bbe2c2cb3d7a4142272"
		},
		{
			"ImportPath": "github.com/go-openapi/spec",
			"Rev": "6aced65f8501fe1217321abf0749d354824ba2ff"
		},
		{
			"ImportPath": "github.com/go-openapi/swag",
			"Rev": "1d0bd113de87027671077d3c71eb3ac5d7dbba72"
		},
		{
			"ImportPath": "github.com/gogo/protobuf/proto",
			"Comment": "v0.2-33-ge18d7aa8",
			"Rev": "e18d7aa8f8c624c915db340349aad4c49b10d173"
		},
		{
			"ImportPath": "github.com/gogo/protobuf/sortkeys",
			"Comment": "v0.2-33-ge18d7aa8",
			"Rev": "e18d7aa8f8c624c915db340349aad4c49b10d173"
		},
		{
			"ImportPath": "github.com/golang/glog",
			"Rev": "44145f04b68cf362d9c4df2182967c2275eaefed"
		},
		{
			"ImportPath": "github.com/golang/groupcache/lru",
			"Rev": "02826c3e79038b59d737d3b1c0a1d937f71a4433"
		},
		{
			"ImportPath": "github.com/golang/protobuf/jsonpb",
			"Rev": "1643683e1b54a9e88ad26d98f81400c8c9d9f4f9"
		},
		{
			"ImportPath": "github.com/golang/protobuf/proto",
			"Rev": "1643683e1b54a9e88ad26d98f81400c8c9d9f4f9"
		},
		{
			"ImportPath": "github.com/golang/protobuf/protoc-gen-go/descriptor",
			"Rev": "1643683e1b54a9e88ad26d98f81400c8c9d9f4f9"
		},
		{
			"ImportPath": "github.com/golang/protobuf/ptypes/any",
			"Rev": "1643683e1b54a9e88ad26d98f81400c8c9d9f4f9"
		},
		{
			"ImportPath": "github.com/golang/protobuf/ptypes/duration",
			"Rev": "1643683e1b54a9e88ad26d98f81400c8c9d9f4f9"
		},
		{
			"ImportPath": "github.com/golang/protobuf/ptypes/empty",
			"Rev": "1643683e1b54a9e88ad26d98f81400c8c9d9f4f9"
		},
		{
			"ImportPath": "github.com/golang/protobuf/ptypes/struct",
			"Rev": "1643683e1b54a9e88ad26d98f81400c8c9d9f4f9"
		},
		{
			"ImportPath": "github.com/golang/protobuf/ptypes/timestamp",
			"Rev": "1643683e1b54a9e88ad26d98f81400c8c9d9f4f9"
		},
		{
			"ImportPath": "github.com/golang/snappy",
			"Rev": "723cc1e459b8eea2dea4583200fd60757d40097a"
		},
		{
			"ImportPath": "github.com/google/cadvisor/info/v1",
			"Comment": "v0.28.0-14-g5231853e",
			"Rev": "5231853e7124d03b32678c7d2b0f4651dfa6110c"
		},
		{
			"ImportPath": "github.com/google/gofuzz",
			"Rev": "44d81051d367757e1c7c6a5a86423ece9afcf63c"
		},
		{
			"ImportPath": "github.com/googleapis/gax-go",
			"Comment": "v2.0.0",
			"Rev": "317e0006254c44a0ac427cc52a0e083ff0b9622f"
		},
		{
			"ImportPath": "github.com/grpc-ecosystem/go-grpc-prometheus",
			"Comment": "v1.1-4-g2500245",
			"Rev": "2500245aa6110c562d17020fb31a2c133d737799"
		},
		{
			"ImportPath": "github.com/grpc-ecosystem/grpc-gateway/runtime",
			"Comment": "v1.0.0-8-gf52d055",
			"Rev": "f52d055dc48aec25854ed7d31862f78913cf17d1"
		},
		{
			"ImportPath": "github.com/grpc-ecosystem/grpc-gateway/runtime/internal",
			"Comment": "v1.0.0-8-gf52d055",
			"Rev": "f52d055dc48aec25854ed7d31862f78913cf17d1"
		},
		{
			"ImportPath": "github.com/grpc-ecosystem/grpc-gateway/utilities",
			"Comment": "v1.0.0-8-gf52d055",
			"Rev": "f52d055dc48aec25854ed7d31862f78913cf17d1"
		},
		{
			"ImportPath": "github.com/hawkular/hawkular-client-go/metrics",
			"Rev": "3ec6f27f0d339f9aee02ee4ad545581e52b40e19"
		},
		{
			"ImportPath": "github.com/howeyc/gopass",
			"Rev": "3ca23474a7c7203e0a0a070fd33508f6efdb9b3d"
		},
		{
			"ImportPath": "github.com/imdario/mergo",
			"Comment": "0.1.3-8-g6633656",
			"Rev": "6633656539c1639d9d78127b7d47c622b5d7b6dc"
		},
		{
			"ImportPath": "github.com/influxdata/influxdb/client",
			"Comment": "v0.12.2",
			"Rev": "383332daed5595926c235f250b11433f67229c35"
		},
		{
			"ImportPath": "github.com/influxdata/influxdb/models",
			"Comment": "v0.12.2",
			"Rev": "383332daed5595926c235f250b11433f67229c35"
		},
		{
			"ImportPath": "github.com/influxdata/influxdb/pkg/escape",
			"Comment": "v0.12.2",
			"Rev": "383332daed5595926c235f250b11433f67229c35"
		},
		{
			"ImportPath": "github.com/json-iterator/go",
			"Comment": "1.0.4-3-g051434f",
			"Rev": "051434fab7e041ee2834e049ceae37492fc0412c"
		},
		{
			"ImportPath": "github.com/juju/ratelimit",
			"Rev": "77ed1c8a01217656d2080ad51981f6e99adaa177"
		},
		{
			"ImportPath": "github.com/mailru/easyjson/buffer",
			"Rev": "d5b7844b561a7bc640052f1b935f7b800330d7e0"
		},
		{
			"ImportPath": "github.com/mailru/easyjson/jlexer",
			"Rev": "d5b7844b561a7bc640052f1b935f7b800330d7e0"
		},
		{
			"ImportPath": "github.com/mailru/easyjson/jwriter",
			"Rev": "d5b7844b561a7bc640052f1b935f7b800330d7e0"
		},
		{
			"ImportPath": "github.com/marpaia/graphite-golang",
			"Rev": "c474c9b821b4d0a4574edc6412b0003fbce233c4"
		},
		{
			"ImportPath": "github.com/matttproud/golang_protobuf_extensions/pbutil",
			"Rev": "fc2b8d3a73c4867e51861bbdd5ae3c1f0869dd6a"
		},
		{
			"ImportPath": "github.com/pborman/uuid",
			"Rev": "ca53cad383cad2479bbba7f7a1a05797ec1386e4"
		},
		{
			"ImportPath": "github.com/pierrec/lz4",
			"Comment": "v1.1-2-ged8d4cc",
			"Rev": "ed8d4cc3b461464e69798080a0092bd028910298"
		},
		{
			"ImportPath": "github.com/pierrec/xxHash/xxHash32",
			"Comment": "v0.1-11-ga0006b1",
			"Rev": "a0006b13c722f7f12368c00a3d3c2ae8a999a0c6"
		},
		{
			"ImportPath": "github.com/pkg/errors",
			"Comment": "v0.7.0-13-ga221380",
			"Rev": "a22138067af1c4942683050411a841ade67fe1eb"
		},
		{
			"ImportPath": "github.com/pmezard/go-difflib/difflib",
			"Rev": "d8ed2627bdf02c080bf22230dbb337003b7aba2d"
		},
		{
			"ImportPath": "github.com/prometheus/client_golang/prometheus",
			"Comment": "0.7.0-52-ge51041b",
			"Rev": "e51041b3fa41cece0dca035740ba6411905be473"
		},
		{
			"ImportPath": "github.com/prometheus/client_model/go",
			"Comment": "model-0.0.2-12-gfa8ad6f",
			"Rev": "fa8ad6fec33561be4280a8f0514318c79d7f6cb6"
		},
		{
			"ImportPath": "github.com/prometheus/common/expfmt",
			"Rev": "ffe929a3f4c4faeaa10f2b9535c2b1be3ad15650"
		},
		{
			"ImportPath": "github.com/prometheus/common/model",
			"Rev": "ffe929a3f4c4faeaa10f2b9535c2b1be3ad15650"
		},
		{
			"ImportPath": "github.com/prometheus/procfs",
			"Rev": "454a56f35412459b5e684fd5ec0f9211b94f002a"
		},
		{
			"ImportPath": "github.com/rcrowley/go-metrics",
			"Rev": "e181e095bae94582363434144c61a9653aff6e50"
		},
		{
			"ImportPath": "github.com/riemann/riemann-go-client",
			"Comment": "v0.1.0",
			"Rev": "0f94ab135508410abf50704b72197d664eb2bee3"
		},
		{
			"ImportPath": "github.com/riemann/riemann-go-client/proto",
			"Comment": "v0.1.0",
			"Rev": "0f94ab135508410abf50704b72197d664eb2bee3"
		},
		{
			"ImportPath": "github.com/smartystreets/go-aws-auth",
			"Rev": "2043e6d0bb7e4c18464a7bba562acbe482e3cabd"
		},
		{
			"ImportPath": "github.com/spf13/pflag",
			"Rev": "5ccb023bc27df288a957c5e994cd44fd19619465"
		},
		{
			"ImportPath": "github.com/stretchr/testify/assert",
			"Comment": "v1.0-88-ge3a8ff8",
			"Rev": "e3a8ff8ce36581f87a15341206f205b1da467059"
		},
		{
			"ImportPath": "github.com/stretchr/testify/require",
			"Comment": "v1.0-88-ge3a8ff8",
			"Rev": "e3a8ff8ce36581f87a15341206f205b1da467059"
		},
		{
			"ImportPath": "github.com/ugorji/go/codec",
			"Rev": "ded73eae5db7e7a0ef6f55aace87a2873c5d2b74"
		},
		{
			"ImportPath": "golang.org/x/crypto/ssh/terminal",
			"Rev": "d172538b2cfce0c13cee31e647d0367aa8cd2486"
		},
		{
			"ImportPath": "golang.org/x/net/context",
			"Rev": "1c05540f6879653db88113bc4a2b70aec4bd491f"
		},
		{
			"ImportPath": "golang.org/x/net/context/ctxhttp",
			"Rev": "1c05540f6879653db88113bc4a2b70aec4bd491f"
		},
		{
			"ImportPath": "golang.org/x/net/html",
			"Rev": "1c05540f6879653db88113bc4a2b70aec4bd491f"
		},
		{
			"ImportPath": "golang.org/x/net/html/atom",
			"Rev": "1c05540f6879653db88113bc4a2b70aec4bd491f"
		},
		{
			"ImportPath": "golang.org/x/net/http2",
			"Rev": "1c05540f6879653db88113bc4a2b70aec4bd491f"
		},
		{
			"ImportPath": "golang.org/x/net/http2/hpack",
			"Rev": "1c05540f6879653db88113bc4a2b70aec4bd491f"
		},
		{
			"ImportPath": "golang.org/x/net/idna",
			"Rev": "1c05540f6879653db88113bc4a2b70aec4bd491f"
		},
		{
			"ImportPath": "golang.org/x/net/internal/timeseries",
			"Rev": "1c05540f6879653db88113bc4a2b70aec4bd491f"
		},
		{
			"ImportPath": "golang.org/x/net/lex/httplex",
			"Rev": "1c05540f6879653db88113bc4a2b70aec4bd491f"
		},
		{
			"ImportPath": "golang.org/x/net/trace",
			"Rev": "1c05540f6879653db88113bc4a2b70aec4bd491f"
		},
		{
			"ImportPath": "golang.org/x/net/websocket",
			"Rev": "1c05540f6879653db88113bc4a2b70aec4bd491f"
		},
		{
			"ImportPath": "golang.org/x/oauth2",
			"Rev": "3c3a985cb79f52a3190fbc056984415ca6763d01"
		},
		{
			"ImportPath": "golang.org/x/oauth2/google",
			"Rev": "3c3a985cb79f52a3190fbc056984415ca6763d01"
		},
		{
			"ImportPath": "golang.org/x/oauth2/internal",
			"Rev": "3c3a985cb79f52a3190fbc056984415ca6763d01"
		},
		{
			"ImportPath": "golang.org/x/oauth2/jws",
			"Rev": "3c3a985cb79f52a3190fbc056984415ca6763d01"
		},
		{
			"ImportPath": "golang.org/x/oauth2/jwt",
			"Rev": "3c3a985cb79f52a3190fbc056984415ca6763d01"
		},
		{
			"ImportPath": "golang.org/x/sys/unix",
			"Rev": "8f0908ab3b2457e2e15403d3697c9ef5cb4b57a9"
		},
		{
			"ImportPath": "golang.org/x/text/cases",
			"Rev": "b19bf474d317b857955b12035d2c5acb57ce8b01"
		},
		{
			"ImportPath": "golang.org/x/text/internal",
			"Rev": "b19bf474d317b857955b12035d2c5acb57ce8b01"
		},
		{
			"ImportPath": "golang.org/x/text/internal/tag",
			"Rev": "b19bf474d317b857955b12035d2c5acb57ce8b01"
		},
		{
			"ImportPath": "golang.org/x/text/language",
			"Rev": "b19bf474d317b857955b12035d2c5acb57ce8b01"
		},
		{
			"ImportPath": "golang.org/x/text/runes",
			"Rev": "b19bf474d317b857955b12035d2c5acb57ce8b01"
		},
		{
			"ImportPath": "golang.org/x/text/secure/bidirule",
			"Rev": "b19bf474d317b857955b12035d2c5acb57ce8b01"
		},
		{
			"ImportPath": "golang.org/x/text/secure/precis",
			"Rev": "b19bf474d317b857955b12035d2c5acb57ce8b01"
		},
		{
			"ImportPath": "golang.org/x/text/transform",
			"Rev": "b19bf474d317b857955b12035d2c5acb57ce8b01"
		},
		{
			"ImportPath": "golang.org/x/text/unicode/bidi",
			"Rev": "b19bf474d317b857955b12035d2c5acb57ce8b01"
		},
		{
			"ImportPath": "golang.org/x/text/unicode/norm",
			"Rev": "b19bf474d317b857955b12035d2c5acb57ce8b01"
		},
		{
			"ImportPath": "golang.org/x/text/width",
			"Rev": "b19bf474d317b857955b12035d2c5acb57ce8b01"
		},
		{
			"ImportPath": "google.golang.org/api/gensupport",
			"Rev": "e665075b5ff79143ba49c58fab02df9dc122afd5"
		},
		{
			"ImportPath": "google.golang.org/api/googleapi",
			"Rev": "e665075b5ff79143ba49c58fab02df9dc122afd5"
		},
		{
			"ImportPath": "google.golang.org/api/googleapi/internal/uritemplates",
			"Rev": "e665075b5ff79143ba49c58fab02df9dc122afd5"
		},
		{
			"ImportPath": "google.golang.org/api/googleapi/transport",
			"Rev": "e665075b5ff79143ba49c58fab02df9dc122afd5"
		},
		{
			"ImportPath": "google.golang.org/api/internal",
			"Rev": "e665075b5ff79143ba49c58fab02df9dc122afd5"
		},
		{
			"ImportPath": "google.golang.org/api/iterator",
			"Rev": "e665075b5ff79143ba49c58fab02df9dc122afd5"
		},
		{
			"ImportPath": "google.golang.org/api/logging/v2",
			"Rev": "e665075b5ff79143ba49c58fab02df9dc122afd5"
		},
		{
			"ImportPath": "google.golang.org/api/monitoring/v3",
			"Rev": "e665075b5ff79143ba49c58fab02df9dc122afd5"
		},
		{
			"ImportPath": "google.golang.org/api/option",
			"Rev": "e665075b5ff79143ba49c58fab02df9dc122afd5"
		},
		{
			"ImportPath": "google.golang.org/api/transport",
			"Rev": "e665075b5ff79143ba49c58fab02df9dc122afd5"
		},
		{
			"ImportPath": "google.golang.org/appengine",
			"Rev": "4f7eeb5305a4ba1966344836ba4af9996b7b4e05"
		},
		{
			"ImportPath": "google.golang.org/appengine/internal",
			"Rev": "4f7eeb5305a4ba1966344836ba4af9996b7b4e05"
		},
		{
			"ImportPath": "google.golang.org/appengine/internal/app_identity",
			"Rev": "4f7eeb5305a4ba1966344836ba4af9996b7b4e05"
		},
		{
			"ImportPath": "google.golang.org/appengine/internal/base",
			"Rev": "4f7eeb5305a4ba1966344836ba4af9996b7b4e05"
		},
		{
			"ImportPath": "google.golang.org/appengine/internal/datastore",
			"Rev": "4f7eeb5305a4ba1966344836ba4af9996b7b4e05"
		},
		{
			"ImportPath": "google.golang.org/appengine/internal/log",
			"Rev": "4f7eeb5305a4ba1966344836ba4af9996b7b4e05"
		},
		{
			"ImportPath": "google.golang.org/appengine/internal/modules",
			"Rev": "4f7eeb5305a4ba1966344836ba4af9996b7b4e05"
		},
		{
			"ImportPath": "google.golang.org/appengine/internal/remote_api",
			"Rev": "4f7eeb5305a4ba1966344836ba4af9996b7b4e05"
		},
		{
			"ImportPath": "google.golang.org/genproto/googleapis/api/annotations",
			"Rev": "09f6ed296fc66555a25fe4ce95173148778dfa85"
		},
		{
			"ImportPath": "google.golang.org/genproto/googleapis/api/distribution",
			"Rev": "09f6ed296fc66555a25fe4ce95173148778dfa85"
		},
		{
			"ImportPath": "google.golang.org/genproto/googleapis/api/label",
			"Rev": "09f6ed296fc66555a25fe4ce95173148778dfa85"
		},
		{
			"ImportPath": "google.golang.org/genproto/googleapis/api/metric",
			"Rev": "09f6ed296fc66555a25fe4ce95173148778dfa85"
		},
		{
			"ImportPath": "google.golang.org/genproto/googleapis/api/monitoredres",
			"Rev": "09f6ed296fc66555a25fe4ce95173148778dfa85"
		},
		{
			"ImportPath": "google.golang.org/genproto/googleapis/monitoring/v3",
			"Rev": "09f6ed296fc66555a25fe4ce95173148778dfa85"
		},
		{
			"ImportPath": "google.golang.org/genproto/googleapis/rpc/status",
			"Rev": "09f6ed296fc66555a25fe4ce95173148778dfa85"
		},
		{
			"ImportPath": "google.golang.org/grpc",
			"Comment": "v1.3.0",
			"Rev": "d2e1b51f33ff8c5e4a15560ff049d200e83726c5"
		},
		{
			"ImportPath": "google.golang.org/grpc/codes",
			"Comment": "v1.3.0",
			"Rev": "d2e1b51f33ff8c5e4a15560ff049d200e83726c5"
		},
		{
			"ImportPath": "google.golang.org/grpc/credentials",
			"Comment": "v1.3.0",
			"Rev": "d2e1b51f33ff8c5e4a15560ff049d200e83726c5"
		},
		{
			"ImportPath": "google.golang.org/grpc/credentials/oauth",
			"Comment": "v1.3.0",
			"Rev": "d2e1b51f33ff8c5e4a15560ff049d200e83726c5"
		},
		{
			"ImportPath": "google.golang.org/grpc/grpclb/grpc_lb_v1",
			"Comment": "v1.3.0",
			"Rev": "d2e1b51f33ff8c5e4a15560ff049d200e83726c5"
		},
		{
			"ImportPath": "google.golang.org/grpc/grpclog",
			"Comment": "v1.3.0",
			"Rev": "d2e1b51f33ff8c5e4a15560ff049d200e83726c5"
		},
		{
			"ImportPath": "google.golang.org/grpc/internal",
			"Comment": "v1.3.0",
			"Rev": "d2e1b51f33ff8c5e4a15560ff049d200e83726c5"
		},
		{
			"ImportPath": "google.golang.org/grpc/keepalive",
			"Comment": "v1.3.0",
			"Rev": "d2e1b51f33ff8c5e4a15560ff049d200e83726c5"
		},
		{
			"ImportPath": "google.golang.org/grpc/metadata",
			"Comment": "v1.3.0",
			"Rev": "d2e1b51f33ff8c5e4a15560ff049d200e83726c5"
		},
		{
			"ImportPath": "google.golang.org/grpc/naming",
			"Comment": "v1.3.0",
			"Rev": "d2e1b51f33ff8c5e4a15560ff049d200e83726c5"
		},
		{
			"ImportPath": "google.golang.org/grpc/peer",
			"Comment": "v1.3.0",
			"Rev": "d2e1b51f33ff8c5e4a15560ff049d200e83726c5"
		},
		{
			"ImportPath": "google.golang.org/grpc/stats",
			"Comment": "v1.3.0",
			"Rev": "d2e1b51f33ff8c5e4a15560ff049d200e83726c5"
		},
		{
			"ImportPath": "google.golang.org/grpc/status",
			"Comment": "v1.3.0",
			"Rev": "d2e1b51f33ff8c5e4a15560ff049d200e83726c5"
		},
		{
			"ImportPath": "google.golang.org/grpc/tap",
			"Comment": "v1.3.0",
			"Rev": "d2e1b51f33ff8c5e4a15560ff049d200e83726c5"
		},
		{
			"ImportPath": "google.golang.org/grpc/transport",
			"Comment": "v1.3.0",
			"Rev": "d2e1b51f33ff8c5e4a15560ff049d200e83726c5"
		},
		{
			"ImportPath": "gopkg.in/inf.v0",
			"Comment": "v0.9.0",
			"Rev": "3887ee99ecf07df5b447e9b00d9c0b2adaa9f3e4"
		},
		{
			"ImportPath": "gopkg.in/natefinch/lumberjack.v2",
			"Comment": "v1.0-16-g20b71e5",
			"Rev": "20b71e5b60d756d3d2f80def009790325acc2b23"
		},
		{
			"ImportPath": "gopkg.in/olivere/elastic.v3",
			"Comment": "v3.0.56",
			"Rev": "1ad75b5396674e9c783400e89106bc0c8da9d786"
		},
		{
			"ImportPath": "gopkg.in/olivere/elastic.v3/backoff",
			"Comment": "v3.0.56",
			"Rev": "1ad75b5396674e9c783400e89106bc0c8da9d786"
		},
		{
			"ImportPath": "gopkg.in/olivere/elastic.v3/uritemplates",
			"Comment": "v3.0.56",
			"Rev": "1ad75b5396674e9c783400e89106bc0c8da9d786"
		},
		{
			"ImportPath": "gopkg.in/olivere/elastic.v5",
			"Comment": "v5.0.36",
			"Rev": "6f76abde0f1f149b7d6fc47aee4c54366844f775"
		},
		{
			"ImportPath": "gopkg.in/olivere/elastic.v5/uritemplates",
			"Comment": "v5.0.36",
			"Rev": "6f76abde0f1f149b7d6fc47aee4c54366844f775"
		},
		{
			"ImportPath": "gopkg.in/yaml.v2",
			"Rev": "53feefa2559fb8dfa8d81baad31be332c97d6c77"
		},
		{
			"ImportPath": "k8s.io/apimachinery/pkg/api/equality",
			"Rev": "0f8a3af747f81547246d79ca00c20af330868fa6"
		},
		{
			"ImportPath": "k8s.io/apimachinery/pkg/api/errors",
			"Rev": "0f8a3af747f81547246d79ca00c20af330868fa6"
		},
		{
			"ImportPath": "k8s.io/apimachinery/pkg/api/meta",
			"Rev": "0f8a3af747f81547246d79ca00c20af330868fa6"
		},
		{
			"ImportPath": "k8s.io/apimachinery/pkg/api/resource",
			"Rev": "0f8a3af747f81547246d79ca00c20af330868fa6"
		},
		{
			"ImportPath": "k8s.io/apimachinery/pkg/api/validation",
			"Rev": "0f8a3af747f81547246d79ca00c20af330868fa6"
		},
		{
			"ImportPath": "k8s.io/apimachinery/pkg/api/validation/path",
			"Rev": "0f8a3af747f81547246d79ca00c20af330868fa6"
		},
		{
			"ImportPath": "k8s.io/apimachinery/pkg/apimachinery",
			"Rev": "0f8a3af747f81547246d79ca00c20af330868fa6"
		},
		{
			"ImportPath": "k8s.io/apimachinery/pkg/apimachinery/announced",
			"Rev": "0f8a3af747f81547246d79ca00c20af330868fa6"
		},
		{
			"ImportPath": "k8s.io/apimachinery/pkg/apimachinery/registered",
			"Rev": "0f8a3af747f81547246d79ca00c20af330868fa6"
		},
		{
			"ImportPath": "k8s.io/apimachinery/pkg/apis/meta/internalversion",
			"Rev": "0f8a3af747f81547246d79ca00c20af330868fa6"
		},
		{
			"ImportPath": "k8s.io/apimachinery/pkg/apis/meta/v1",
			"Rev": "0f8a3af747f81547246d79ca00c20af330868fa6"
		},
		{
			"ImportPath": "k8s.io/apimachinery/pkg/apis/meta/v1/unstructured",
			"Rev": "0f8a3af747f81547246d79ca00c20af330868fa6"
		},
		{
			"ImportPath": "k8s.io/apimachinery/pkg/apis/meta/v1/validation",
			"Rev": "0f8a3af747f81547246d79ca00c20af330868fa6"
		},
		{
			"ImportPath": "k8s.io/apimachinery/pkg/conversion",
			"Rev": "0f8a3af747f81547246d79ca00c20af330868fa6"
		},
		{
			"ImportPath": "k8s.io/apimachinery/pkg/conversion/queryparams",
			"Rev": "0f8a3af747f81547246d79ca00c20af330868fa6"
		},
		{
			"ImportPath": "k8s.io/apimachinery/pkg/fields",
			"Rev": "0f8a3af747f81547246d79ca00c20af330868fa6"
		},
		{
			"ImportPath": "k8s.io/apimachinery/pkg/labels",
			"Rev": "0f8a3af747f81547246d79ca00c20af330868fa6"
		},
		{
			"ImportPath": "k8s.io/apimachinery/pkg/openapi",
			"Rev": "0f8a3af747f81547246d79ca00c20af330868fa6"
		},
		{
			"ImportPath": "k8s.io/apimachinery/pkg/runtime",
			"Rev": "0f8a3af747f81547246d79ca00c20af330868fa6"
		},
		{
			"ImportPath": "k8s.io/apimachinery/pkg/runtime/schema",
			"Rev": "0f8a3af747f81547246d79ca00c20af330868fa6"
		},
		{
			"ImportPath": "k8s.io/apimachinery/pkg/runtime/serializer",
			"Rev": "0f8a3af747f81547246d79ca00c20af330868fa6"
		},
		{
			"ImportPath": "k8s.io/apimachinery/pkg/runtime/serializer/json",
			"Rev": "0f8a3af747f81547246d79ca00c20af330868fa6"
		},
		{
			"ImportPath": "k8s.io/apimachinery/pkg/runtime/serializer/protobuf",
			"Rev": "0f8a3af747f81547246d79ca00c20af330868fa6"
		},
		{
			"ImportPath": "k8s.io/apimachinery/pkg/runtime/serializer/recognizer",
			"Rev": "0f8a3af747f81547246d79ca00c20af330868fa6"
		},
		{
			"ImportPath": "k8s.io/apimachinery/pkg/runtime/serializer/streaming",
			"Rev": "0f8a3af747f81547246d79ca00c20af330868fa6"
		},
		{
			"ImportPath": "k8s.io/apimachinery/pkg/runtime/serializer/versioning",
			"Rev": "0f8a3af747f81547246d79ca00c20af330868fa6"
		},
		{
			"ImportPath": "k8s.io/apimachinery/pkg/selection",
			"Rev": "0f8a3af747f81547246d79ca00c20af330868fa6"
		},
		{
			"ImportPath": "k8s.io/apimachinery/pkg/types",
			"Rev": "0f8a3af747f81547246d79ca00c20af330868fa6"
		},
		{
			"ImportPath": "k8s.io/apimachinery/pkg/util/diff",
			"Rev": "0f8a3af747f81547246d79ca00c20af330868fa6"
		},
		{
			"ImportPath": "k8s.io/apimachinery/pkg/util/errors",
			"Rev": "0f8a3af747f81547246d79ca00c20af330868fa6"
		},
		{
			"ImportPath": "k8s.io/apimachinery/pkg/util/framer",
			"Rev": "0f8a3af747f81547246d79ca00c20af330868fa6"
		},
		{
			"ImportPath": "k8s.io/apimachinery/pkg/util/httpstream",
			"Rev": "0f8a3af747f81547246d79ca00c20af330868fa6"
		},
		{
			"ImportPath": "k8s.io/apimachinery/pkg/util/intstr",
			"Rev": "0f8a3af747f81547246d79ca00c20af330868fa6"
		},
		{
			"ImportPath": "k8s.io/apimachinery/pkg/util/json",
			"Rev": "0f8a3af747f81547246d79ca00c20af330868fa6"
		},
		{
			"ImportPath": "k8s.io/apimachinery/pkg/util/mergepatch",
			"Rev": "0f8a3af747f81547246d79ca00c20af330868fa6"
		},
		{
			"ImportPath": "k8s.io/apimachinery/pkg/util/net",
			"Rev": "0f8a3af747f81547246d79ca00c20af330868fa6"
		},
		{
			"ImportPath": "k8s.io/apimachinery/pkg/util/rand",
			"Rev": "0f8a3af747f81547246d79ca00c20af330868fa6"
		},
		{
			"ImportPath": "k8s.io/apimachinery/pkg/util/runtime",
			"Rev": "0f8a3af747f81547246d79ca00c20af330868fa6"
		},
		{
			"ImportPath": "k8s.io/apimachinery/pkg/util/sets",
			"Rev": "0f8a3af747f81547246d79ca00c20af330868fa6"
		},
		{
			"ImportPath": "k8s.io/apimachinery/pkg/util/strategicpatch",
			"Rev": "0f8a3af747f81547246d79ca00c20af330868fa6"
		},
		{
			"ImportPath": "k8s.io/apimachinery/pkg/util/uuid",
			"Rev": "0f8a3af747f81547246d79ca00c20af330868fa6"
		},
		{
			"ImportPath": "k8s.io/apimachinery/pkg/util/validation",
			"Rev": "0f8a3af747f81547246d79ca00c20af330868fa6"
		},
		{
			"ImportPath": "k8s.io/apimachinery/pkg/util/validation/field",
			"Rev": "0f8a3af747f81547246d79ca00c20af330868fa6"
		},
		{
			"ImportPath": "k8s.io/apimachinery/pkg/util/wait",
			"Rev": "0f8a3af747f81547246d79ca00c20af330868fa6"
		},
		{
			"ImportPath": "k8s.io/apimachinery/pkg/util/yaml",
			"Rev": "0f8a3af747f81547246d79ca00c20af330868fa6"
		},
		{
			"ImportPath": "k8s.io/apimachinery/pkg/version",
			"Rev": "0f8a3af747f81547246d79ca00c20af330868fa6"
		},
		{
			"ImportPath": "k8s.io/apimachinery/pkg/watch",
			"Rev": "0f8a3af747f81547246d79ca00c20af330868fa6"
		},
		{
			"ImportPath": "k8s.io/apimachinery/third_party/forked/golang/json",
			"Rev": "0f8a3af747f81547246d79ca00c20af330868fa6"
		},
		{
			"ImportPath": "k8s.io/apimachinery/third_party/forked/golang/netutil",
			"Rev": "0f8a3af747f81547246d79ca00c20af330868fa6"
		},
		{
			"ImportPath": "k8s.io/apimachinery/third_party/forked/golang/reflect",
			"Rev": "0f8a3af747f81547246d79ca00c20af330868fa6"
		},
		{
			"ImportPath": "k8s.io/apiserver/pkg/admission",
			"Rev": "b516a2b26a5881cba38afe47f6bf20c9d314ff15"
		},
		{
			"ImportPath": "k8s.io/apiserver/pkg/apis/apiserver",
			"Rev": "b516a2b26a5881cba38afe47f6bf20c9d314ff15"
		},
		{
			"ImportPath": "k8s.io/apiserver/pkg/apis/apiserver/install",
			"Rev": "b516a2b26a5881cba38afe47f6bf20c9d314ff15"
		},
		{
			"ImportPath": "k8s.io/apiserver/pkg/apis/apiserver/v1alpha1",
			"Rev": "b516a2b26a5881cba38afe47f6bf20c9d314ff15"
		},
		{
			"ImportPath": "k8s.io/apiserver/pkg/authentication/authenticator",
			"Rev": "b516a2b26a5881cba38afe47f6bf20c9d314ff15"
		},
		{
			"ImportPath": "k8s.io/apiserver/pkg/authentication/authenticatorfactory",
			"Rev": "b516a2b26a5881cba38afe47f6bf20c9d314ff15"
		},
		{
			"ImportPath": "k8s.io/apiserver/pkg/authentication/group",
			"Rev": "b516a2b26a5881cba38afe47f6bf20c9d314ff15"
		},
		{
			"ImportPath": "k8s.io/apiserver/pkg/authentication/request/anonymous",
			"Rev": "b516a2b26a5881cba38afe47f6bf20c9d314ff15"
		},
		{
			"ImportPath": "k8s.io/apiserver/pkg/authentication/request/bearertoken",
			"Rev": "b516a2b26a5881cba38afe47f6bf20c9d314ff15"
		},
		{
			"ImportPath": "k8s.io/apiserver/pkg/authentication/request/headerrequest",
			"Rev": "b516a2b26a5881cba38afe47f6bf20c9d314ff15"
		},
		{
			"ImportPath": "k8s.io/apiserver/pkg/authentication/request/union",
			"Rev": "b516a2b26a5881cba38afe47f6bf20c9d314ff15"
		},
		{
			"ImportPath": "k8s.io/apiserver/pkg/authentication/request/x509",
			"Rev": "b516a2b26a5881cba38afe47f6bf20c9d314ff15"
		},
		{
			"ImportPath": "k8s.io/apiserver/pkg/authentication/serviceaccount",
			"Rev": "b516a2b26a5881cba38afe47f6bf20c9d314ff15"
		},
		{
			"ImportPath": "k8s.io/apiserver/pkg/authentication/token/tokenfile",
			"Rev": "b516a2b26a5881cba38afe47f6bf20c9d314ff15"
		},
		{
			"ImportPath": "k8s.io/apiserver/pkg/authentication/user",
			"Rev": "b516a2b26a5881cba38afe47f6bf20c9d314ff15"
		},
		{
			"ImportPath": "k8s.io/apiserver/pkg/authorization/authorizer",
			"Rev": "b516a2b26a5881cba38afe47f6bf20c9d314ff15"
		},
		{
			"ImportPath": "k8s.io/apiserver/pkg/authorization/authorizerfactory",
			"Rev": "b516a2b26a5881cba38afe47f6bf20c9d314ff15"
		},
		{
			"ImportPath": "k8s.io/apiserver/pkg/authorization/union",
			"Rev": "b516a2b26a5881cba38afe47f6bf20c9d314ff15"
		},
		{
			"ImportPath": "k8s.io/apiserver/pkg/endpoints",
			"Rev": "b516a2b26a5881cba38afe47f6bf20c9d314ff15"
		},
		{
			"ImportPath": "k8s.io/apiserver/pkg/endpoints/filters",
			"Rev": "b516a2b26a5881cba38afe47f6bf20c9d314ff15"
		},
		{
			"ImportPath": "k8s.io/apiserver/pkg/endpoints/handlers",
			"Rev": "b516a2b26a5881cba38afe47f6bf20c9d314ff15"
		},
		{
			"ImportPath": "k8s.io/apiserver/pkg/endpoints/handlers/negotiation",
			"Rev": "b516a2b26a5881cba38afe47f6bf20c9d314ff15"
		},
		{
			"ImportPath": "k8s.io/apiserver/pkg/endpoints/handlers/responsewriters",
			"Rev": "b516a2b26a5881cba38afe47f6bf20c9d314ff15"
		},
		{
			"ImportPath": "k8s.io/apiserver/pkg/endpoints/metrics",
			"Rev": "b516a2b26a5881cba38afe47f6bf20c9d314ff15"
		},
		{
			"ImportPath": "k8s.io/apiserver/pkg/endpoints/openapi",
			"Rev": "b516a2b26a5881cba38afe47f6bf20c9d314ff15"
		},
		{
			"ImportPath": "k8s.io/apiserver/pkg/endpoints/request",
			"Rev": "b516a2b26a5881cba38afe47f6bf20c9d314ff15"
		},
		{
			"ImportPath": "k8s.io/apiserver/pkg/features",
			"Rev": "b516a2b26a5881cba38afe47f6bf20c9d314ff15"
		},
		{
			"ImportPath": "k8s.io/apiserver/pkg/registry/generic",
			"Rev": "b516a2b26a5881cba38afe47f6bf20c9d314ff15"
		},
		{
			"ImportPath": "k8s.io/apiserver/pkg/registry/generic/registry",
			"Rev": "b516a2b26a5881cba38afe47f6bf20c9d314ff15"
		},
		{
			"ImportPath": "k8s.io/apiserver/pkg/registry/rest",
			"Rev": "b516a2b26a5881cba38afe47f6bf20c9d314ff15"
		},
		{
			"ImportPath": "k8s.io/apiserver/pkg/server",
			"Rev": "b516a2b26a5881cba38afe47f6bf20c9d314ff15"
		},
		{
			"ImportPath": "k8s.io/apiserver/pkg/server/filters",
			"Rev": "b516a2b26a5881cba38afe47f6bf20c9d314ff15"
		},
		{
			"ImportPath": "k8s.io/apiserver/pkg/server/healthz",
			"Rev": "b516a2b26a5881cba38afe47f6bf20c9d314ff15"
		},
		{
			"ImportPath": "k8s.io/apiserver/pkg/server/httplog",
			"Rev": "b516a2b26a5881cba38afe47f6bf20c9d314ff15"
		},
		{
			"ImportPath": "k8s.io/apiserver/pkg/server/mux",
			"Rev": "b516a2b26a5881cba38afe47f6bf20c9d314ff15"
		},
		{
			"ImportPath": "k8s.io/apiserver/pkg/server/openapi",
			"Rev": "b516a2b26a5881cba38afe47f6bf20c9d314ff15"
		},
		{
			"ImportPath": "k8s.io/apiserver/pkg/server/options",
			"Rev": "b516a2b26a5881cba38afe47f6bf20c9d314ff15"
		},
		{
			"ImportPath": "k8s.io/apiserver/pkg/server/routes",
			"Rev": "b516a2b26a5881cba38afe47f6bf20c9d314ff15"
		},
		{
			"ImportPath": "k8s.io/apiserver/pkg/server/routes/data/swagger",
			"Rev": "b516a2b26a5881cba38afe47f6bf20c9d314ff15"
		},
		{
			"ImportPath": "k8s.io/apiserver/pkg/server/storage",
			"Rev": "b516a2b26a5881cba38afe47f6bf20c9d314ff15"
		},
		{
			"ImportPath": "k8s.io/apiserver/pkg/storage",
			"Rev": "b516a2b26a5881cba38afe47f6bf20c9d314ff15"
		},
		{
			"ImportPath": "k8s.io/apiserver/pkg/storage/errors",
			"Rev": "b516a2b26a5881cba38afe47f6bf20c9d314ff15"
		},
		{
			"ImportPath": "k8s.io/apiserver/pkg/storage/etcd",
			"Rev": "b516a2b26a5881cba38afe47f6bf20c9d314ff15"
		},
		{
			"ImportPath": "k8s.io/apiserver/pkg/storage/etcd/metrics",
			"Rev": "b516a2b26a5881cba38afe47f6bf20c9d314ff15"
		},
		{
			"ImportPath": "k8s.io/apiserver/pkg/storage/etcd/util",
			"Rev": "b516a2b26a5881cba38afe47f6bf20c9d314ff15"
		},
		{
			"ImportPath": "k8s.io/apiserver/pkg/storage/etcd3",
			"Rev": "b516a2b26a5881cba38afe47f6bf20c9d314ff15"
		},
		{
			"ImportPath": "k8s.io/apiserver/pkg/storage/names",
			"Rev": "b516a2b26a5881cba38afe47f6bf20c9d314ff15"
		},
		{
			"ImportPath": "k8s.io/apiserver/pkg/storage/storagebackend",
			"Rev": "b516a2b26a5881cba38afe47f6bf20c9d314ff15"
		},
		{
			"ImportPath": "k8s.io/apiserver/pkg/storage/storagebackend/factory",
			"Rev": "b516a2b26a5881cba38afe47f6bf20c9d314ff15"
		},
		{
			"ImportPath": "k8s.io/apiserver/pkg/util/cache",
			"Rev": "b516a2b26a5881cba38afe47f6bf20c9d314ff15"
		},
		{
			"ImportPath": "k8s.io/apiserver/pkg/util/feature",
			"Rev": "b516a2b26a5881cba38afe47f6bf20c9d314ff15"
		},
		{
			"ImportPath": "k8s.io/apiserver/pkg/util/flag",
			"Rev": "b516a2b26a5881cba38afe47f6bf20c9d314ff15"
		},
		{
			"ImportPath": "k8s.io/apiserver/pkg/util/flushwriter",
			"Rev": "b516a2b26a5881cba38afe47f6bf20c9d314ff15"
		},
		{
			"ImportPath": "k8s.io/apiserver/pkg/util/logs",
			"Rev": "b516a2b26a5881cba38afe47f6bf20c9d314ff15"
		},
		{
			"ImportPath": "k8s.io/apiserver/pkg/util/proxy",
			"Rev": "b516a2b26a5881cba38afe47f6bf20c9d314ff15"
		},
		{
			"ImportPath": "k8s.io/apiserver/pkg/util/trace",
			"Rev": "b516a2b26a5881cba38afe47f6bf20c9d314ff15"
		},
		{
			"ImportPath": "k8s.io/apiserver/pkg/util/trie",
			"Rev": "b516a2b26a5881cba38afe47f6bf20c9d314ff15"
		},
		{
			"ImportPath": "k8s.io/apiserver/pkg/util/webhook",
			"Rev": "b516a2b26a5881cba38afe47f6bf20c9d314ff15"
		},
		{
			"ImportPath": "k8s.io/apiserver/pkg/util/wsstream",
			"Rev": "b516a2b26a5881cba38afe47f6bf20c9d314ff15"
		},
		{
			"ImportPath": "k8s.io/apiserver/plugin/pkg/authenticator/token/webhook",
			"Rev": "b516a2b26a5881cba38afe47f6bf20c9d314ff15"
		},
		{
			"ImportPath": "k8s.io/apiserver/plugin/pkg/authorizer/webhook",
			"Rev": "b516a2b26a5881cba38afe47f6bf20c9d314ff15"
		},
		{
			"ImportPath": "k8s.io/client-go/discovery",
			"Comment": "v2.0.0-alpha.0-75-g6500775c",
			"Rev": "6500775c58c43486978291879ac9e1b0e9fc953f"
		},
		{
			"ImportPath": "k8s.io/client-go/kubernetes",
			"Comment": "v2.0.0-alpha.0-75-g6500775c",
			"Rev": "6500775c58c43486978291879ac9e1b0e9fc953f"
		},
		{
			"ImportPath": "k8s.io/client-go/kubernetes/typed/apps/v1beta1",
			"Comment": "v2.0.0-alpha.0-75-g6500775c",
			"Rev": "6500775c58c43486978291879ac9e1b0e9fc953f"
		},
		{
			"ImportPath": "k8s.io/client-go/kubernetes/typed/authentication/v1",
			"Comment": "v2.0.0-alpha.0-75-g6500775c",
			"Rev": "6500775c58c43486978291879ac9e1b0e9fc953f"
		},
		{
			"ImportPath": "k8s.io/client-go/kubernetes/typed/authentication/v1beta1",
			"Comment": "v2.0.0-alpha.0-75-g6500775c",
			"Rev": "6500775c58c43486978291879ac9e1b0e9fc953f"
		},
		{
			"ImportPath": "k8s.io/client-go/kubernetes/typed/authorization/v1",
			"Comment": "v2.0.0-alpha.0-75-g6500775c",
			"Rev": "6500775c58c43486978291879ac9e1b0e9fc953f"
		},
		{
			"ImportPath": "k8s.io/client-go/kubernetes/typed/authorization/v1beta1",
			"Comment": "v2.0.0-alpha.0-75-g6500775c",
			"Rev": "6500775c58c43486978291879ac9e1b0e9fc953f"
		},
		{
			"ImportPath": "k8s.io/client-go/kubernetes/typed/autoscaling/v1",
			"Comment": "v2.0.0-alpha.0-75-g6500775c",
			"Rev": "6500775c58c43486978291879ac9e1b0e9fc953f"
		},
		{
			"ImportPath": "k8s.io/client-go/kubernetes/typed/autoscaling/v2alpha1",
			"Comment": "v2.0.0-alpha.0-75-g6500775c",
			"Rev": "6500775c58c43486978291879ac9e1b0e9fc953f"
		},
		{
			"ImportPath": "k8s.io/client-go/kubernetes/typed/batch/v1",
			"Comment": "v2.0.0-alpha.0-75-g6500775c",
			"Rev": "6500775c58c43486978291879ac9e1b0e9fc953f"
		},
		{
			"ImportPath": "k8s.io/client-go/kubernetes/typed/batch/v2alpha1",
			"Comment": "v2.0.0-alpha.0-75-g6500775c",
			"Rev": "6500775c58c43486978291879ac9e1b0e9fc953f"
		},
		{
			"ImportPath": "k8s.io/client-go/kubernetes/typed/certificates/v1beta1",
			"Comment": "v2.0.0-alpha.0-75-g6500775c",
			"Rev": "6500775c58c43486978291879ac9e1b0e9fc953f"
		},
		{
			"ImportPath": "k8s.io/client-go/kubernetes/typed/core/v1",
			"Comment": "v2.0.0-alpha.0-75-g6500775c",
			"Rev": "6500775c58c43486978291879ac9e1b0e9fc953f"
		},
		{
			"ImportPath": "k8s.io/client-go/kubernetes/typed/extensions/v1beta1",
			"Comment": "v2.0.0-alpha.0-75-g6500775c",
			"Rev": "6500775c58c43486978291879ac9e1b0e9fc953f"
		},
		{
			"ImportPath": "k8s.io/client-go/kubernetes/typed/policy/v1beta1",
			"Comment": "v2.0.0-alpha.0-75-g6500775c",
			"Rev": "6500775c58c43486978291879ac9e1b0e9fc953f"
		},
		{
			"ImportPath": "k8s.io/client-go/kubernetes/typed/rbac/v1alpha1",
			"Comment": "v2.0.0-alpha.0-75-g6500775c",
			"Rev": "6500775c58c43486978291879ac9e1b0e9fc953f"
		},
		{
			"ImportPath": "k8s.io/client-go/kubernetes/typed/rbac/v1beta1",
			"Comment": "v2.0.0-alpha.0-75-g6500775c",
			"Rev": "6500775c58c43486978291879ac9e1b0e9fc953f"
		},
		{
			"ImportPath": "k8s.io/client-go/kubernetes/typed/storage/v1beta1",
			"Comment": "v2.0.0-alpha.0-75-g6500775c",
			"Rev": "6500775c58c43486978291879ac9e1b0e9fc953f"
		},
		{
			"ImportPath": "k8s.io/client-go/listers/core/v1",
			"Comment": "v2.0.0-alpha.0-75-g6500775c",
			"Rev": "6500775c58c43486978291879ac9e1b0e9fc953f"
		},
		{
			"ImportPath": "k8s.io/client-go/pkg/api",
			"Comment": "v2.0.0-alpha.0-75-g6500775c",
			"Rev": "6500775c58c43486978291879ac9e1b0e9fc953f"
		},
		{
			"ImportPath": "k8s.io/client-go/pkg/api/install",
			"Comment": "v2.0.0-alpha.0-75-g6500775c",
			"Rev": "6500775c58c43486978291879ac9e1b0e9fc953f"
		},
		{
			"ImportPath": "k8s.io/client-go/pkg/api/v1",
			"Comment": "v2.0.0-alpha.0-75-g6500775c",
			"Rev": "6500775c58c43486978291879ac9e1b0e9fc953f"
		},
		{
			"ImportPath": "k8s.io/client-go/pkg/apis/apps",
			"Comment": "v2.0.0-alpha.0-75-g6500775c",
			"Rev": "6500775c58c43486978291879ac9e1b0e9fc953f"
		},
		{
			"ImportPath": "k8s.io/client-go/pkg/apis/apps/install",
			"Comment": "v2.0.0-alpha.0-75-g6500775c",
			"Rev": "6500775c58c43486978291879ac9e1b0e9fc953f"
		},
		{
			"ImportPath": "k8s.io/client-go/pkg/apis/apps/v1beta1",
			"Comment": "v2.0.0-alpha.0-75-g6500775c",
			"Rev": "6500775c58c43486978291879ac9e1b0e9fc953f"
		},
		{
			"ImportPath": "k8s.io/client-go/pkg/apis/authentication",
			"Comment": "v2.0.0-alpha.0-75-g6500775c",
			"Rev": "6500775c58c43486978291879ac9e1b0e9fc953f"
		},
		{
			"ImportPath": "k8s.io/client-go/pkg/apis/authentication/install",
			"Comment": "v2.0.0-alpha.0-75-g6500775c",
			"Rev": "6500775c58c43486978291879ac9e1b0e9fc953f"
		},
		{
			"ImportPath": "k8s.io/client-go/pkg/apis/authentication/v1",
			"Comment": "v2.0.0-alpha.0-75-g6500775c",
			"Rev": "6500775c58c43486978291879ac9e1b0e9fc953f"
		},
		{
			"ImportPath": "k8s.io/client-go/pkg/apis/authentication/v1beta1",
			"Comment": "v2.0.0-alpha.0-75-g6500775c",
			"Rev": "6500775c58c43486978291879ac9e1b0e9fc953f"
		},
		{
			"ImportPath": "k8s.io/client-go/pkg/apis/authorization",
			"Comment": "v2.0.0-alpha.0-75-g6500775c",
			"Rev": "6500775c58c43486978291879ac9e1b0e9fc953f"
		},
		{
			"ImportPath": "k8s.io/client-go/pkg/apis/authorization/install",
			"Comment": "v2.0.0-alpha.0-75-g6500775c",
			"Rev": "6500775c58c43486978291879ac9e1b0e9fc953f"
		},
		{
			"ImportPath": "k8s.io/client-go/pkg/apis/authorization/v1",
			"Comment": "v2.0.0-alpha.0-75-g6500775c",
			"Rev": "6500775c58c43486978291879ac9e1b0e9fc953f"
		},
		{
			"ImportPath": "k8s.io/client-go/pkg/apis/authorization/v1beta1",
			"Comment": "v2.0.0-alpha.0-75-g6500775c",
			"Rev": "6500775c58c43486978291879ac9e1b0e9fc953f"
		},
		{
			"ImportPath": "k8s.io/client-go/pkg/apis/autoscaling",
			"Comment": "v2.0.0-alpha.0-75-g6500775c",
			"Rev": "6500775c58c43486978291879ac9e1b0e9fc953f"
		},
		{
			"ImportPath": "k8s.io/client-go/pkg/apis/autoscaling/install",
			"Comment": "v2.0.0-alpha.0-75-g6500775c",
			"Rev": "6500775c58c43486978291879ac9e1b0e9fc953f"
		},
		{
			"ImportPath": "k8s.io/client-go/pkg/apis/autoscaling/v1",
			"Comment": "v2.0.0-alpha.0-75-g6500775c",
			"Rev": "6500775c58c43486978291879ac9e1b0e9fc953f"
		},
		{
			"ImportPath": "k8s.io/client-go/pkg/apis/autoscaling/v2alpha1",
			"Comment": "v2.0.0-alpha.0-75-g6500775c",
			"Rev": "6500775c58c43486978291879ac9e1b0e9fc953f"
		},
		{
			"ImportPath": "k8s.io/client-go/pkg/apis/batch",
			"Comment": "v2.0.0-alpha.0-75-g6500775c",
			"Rev": "6500775c58c43486978291879ac9e1b0e9fc953f"
		},
		{
			"ImportPath": "k8s.io/client-go/pkg/apis/batch/install",
			"Comment": "v2.0.0-alpha.0-75-g6500775c",
			"Rev": "6500775c58c43486978291879ac9e1b0e9fc953f"
		},
		{
			"ImportPath": "k8s.io/client-go/pkg/apis/batch/v1",
			"Comment": "v2.0.0-alpha.0-75-g6500775c",
			"Rev": "6500775c58c43486978291879ac9e1b0e9fc953f"
		},
		{
			"ImportPath": "k8s.io/client-go/pkg/apis/batch/v2alpha1",
			"Comment": "v2.0.0-alpha.0-75-g6500775c",
			"Rev": "6500775c58c43486978291879ac9e1b0e9fc953f"
		},
		{
			"ImportPath": "k8s.io/client-go/pkg/apis/certificates",
			"Comment": "v2.0.0-alpha.0-75-g6500775c",
			"Rev": "6500775c58c43486978291879ac9e1b0e9fc953f"
		},
		{
			"ImportPath": "k8s.io/client-go/pkg/apis/certificates/install",
			"Comment": "v2.0.0-alpha.0-75-g6500775c",
			"Rev": "6500775c58c43486978291879ac9e1b0e9fc953f"
		},
		{
			"ImportPath": "k8s.io/client-go/pkg/apis/certificates/v1beta1",
			"Comment": "v2.0.0-alpha.0-75-g6500775c",
			"Rev": "6500775c58c43486978291879ac9e1b0e9fc953f"
		},
		{
			"ImportPath": "k8s.io/client-go/pkg/apis/extensions",
			"Comment": "v2.0.0-alpha.0-75-g6500775c",
			"Rev": "6500775c58c43486978291879ac9e1b0e9fc953f"
		},
		{
			"ImportPath": "k8s.io/client-go/pkg/apis/extensions/install",
			"Comment": "v2.0.0-alpha.0-75-g6500775c",
			"Rev": "6500775c58c43486978291879ac9e1b0e9fc953f"
		},
		{
			"ImportPath": "k8s.io/client-go/pkg/apis/extensions/v1beta1",
			"Comment": "v2.0.0-alpha.0-75-g6500775c",
			"Rev": "6500775c58c43486978291879ac9e1b0e9fc953f"
		},
		{
			"ImportPath": "k8s.io/client-go/pkg/apis/policy",
			"Comment": "v2.0.0-alpha.0-75-g6500775c",
			"Rev": "6500775c58c43486978291879ac9e1b0e9fc953f"
		},
		{
			"ImportPath": "k8s.io/client-go/pkg/apis/policy/install",
			"Comment": "v2.0.0-alpha.0-75-g6500775c",
			"Rev": "6500775c58c43486978291879ac9e1b0e9fc953f"
		},
		{
			"ImportPath": "k8s.io/client-go/pkg/apis/policy/v1beta1",
			"Comment": "v2.0.0-alpha.0-75-g6500775c",
			"Rev": "6500775c58c43486978291879ac9e1b0e9fc953f"
		},
		{
			"ImportPath": "k8s.io/client-go/pkg/apis/rbac",
			"Comment": "v2.0.0-alpha.0-75-g6500775c",
			"Rev": "6500775c58c43486978291879ac9e1b0e9fc953f"
		},
		{
			"ImportPath": "k8s.io/client-go/pkg/apis/rbac/install",
			"Comment": "v2.0.0-alpha.0-75-g6500775c",
			"Rev": "6500775c58c43486978291879ac9e1b0e9fc953f"
		},
		{
			"ImportPath": "k8s.io/client-go/pkg/apis/rbac/v1alpha1",
			"Comment": "v2.0.0-alpha.0-75-g6500775c",
			"Rev": "6500775c58c43486978291879ac9e1b0e9fc953f"
		},
		{
			"ImportPath": "k8s.io/client-go/pkg/apis/rbac/v1beta1",
			"Comment": "v2.0.0-alpha.0-75-g6500775c",
			"Rev": "6500775c58c43486978291879ac9e1b0e9fc953f"
		},
		{
			"ImportPath": "k8s.io/client-go/pkg/apis/storage",
			"Comment": "v2.0.0-alpha.0-75-g6500775c",
			"Rev": "6500775c58c43486978291879ac9e1b0e9fc953f"
		},
		{
			"ImportPath": "k8s.io/client-go/pkg/apis/storage/install",
			"Comment": "v2.0.0-alpha.0-75-g6500775c",
			"Rev": "6500775c58c43486978291879ac9e1b0e9fc953f"
		},
		{
			"ImportPath": "k8s.io/client-go/pkg/apis/storage/v1beta1",
			"Comment": "v2.0.0-alpha.0-75-g6500775c",
			"Rev": "6500775c58c43486978291879ac9e1b0e9fc953f"
		},
		{
			"ImportPath": "k8s.io/client-go/pkg/util",
			"Comment": "v2.0.0-alpha.0-75-g6500775c",
			"Rev": "6500775c58c43486978291879ac9e1b0e9fc953f"
		},
		{
			"ImportPath": "k8s.io/client-go/pkg/util/labels",
			"Comment": "v2.0.0-alpha.0-75-g6500775c",
			"Rev": "6500775c58c43486978291879ac9e1b0e9fc953f"
		},
		{
			"ImportPath": "k8s.io/client-go/pkg/util/parsers",
			"Comment": "v2.0.0-alpha.0-75-g6500775c",
			"Rev": "6500775c58c43486978291879ac9e1b0e9fc953f"
		},
		{
			"ImportPath": "k8s.io/client-go/pkg/version",
			"Comment": "v2.0.0-alpha.0-75-g6500775c",
			"Rev": "6500775c58c43486978291879ac9e1b0e9fc953f"
		},
		{
			"ImportPath": "k8s.io/client-go/rest",
			"Comment": "v2.0.0-alpha.0-75-g6500775c",
			"Rev": "6500775c58c43486978291879ac9e1b0e9fc953f"
		},
		{
			"ImportPath": "k8s.io/client-go/rest/watch",
			"Comment": "v2.0.0-alpha.0-75-g6500775c",
			"Rev": "6500775c58c43486978291879ac9e1b0e9fc953f"
		},
		{
			"ImportPath": "k8s.io/client-go/tools/auth",
			"Comment": "v2.0.0-alpha.0-75-g6500775c",
			"Rev": "6500775c58c43486978291879ac9e1b0e9fc953f"
		},
		{
			"ImportPath": "k8s.io/client-go/tools/cache",
			"Comment": "v2.0.0-alpha.0-75-g6500775c",
			"Rev": "6500775c58c43486978291879ac9e1b0e9fc953f"
		},
		{
			"ImportPath": "k8s.io/client-go/tools/clientcmd",
			"Comment": "v2.0.0-alpha.0-75-g6500775c",
			"Rev": "6500775c58c43486978291879ac9e1b0e9fc953f"
		},
		{
			"ImportPath": "k8s.io/client-go/tools/clientcmd/api",
			"Comment": "v2.0.0-alpha.0-75-g6500775c",
			"Rev": "6500775c58c43486978291879ac9e1b0e9fc953f"
		},
		{
			"ImportPath": "k8s.io/client-go/tools/clientcmd/api/latest",
			"Comment": "v2.0.0-alpha.0-75-g6500775c",
			"Rev": "6500775c58c43486978291879ac9e1b0e9fc953f"
		},
		{
			"ImportPath": "k8s.io/client-go/tools/clientcmd/api/v1",
			"Comment": "v2.0.0-alpha.0-75-g6500775c",
			"Rev": "6500775c58c43486978291879ac9e1b0e9fc953f"
		},
		{
			"ImportPath": "k8s.io/client-go/tools/metrics",
			"Comment": "v2.0.0-alpha.0-75-g6500775c",
			"Rev": "6500775c58c43486978291879ac9e1b0e9fc953f"
		},
		{
			"ImportPath": "k8s.io/client-go/transport",
			"Comment": "v2.0.0-alpha.0-75-g6500775c",
			"Rev": "6500775c58c43486978291879ac9e1b0e9fc953f"
		},
		{
			"ImportPath": "k8s.io/client-go/util/cert",
			"Comment": "v2.0.0-alpha.0-75-g6500775c",
			"Rev": "6500775c58c43486978291879ac9e1b0e9fc953f"
		},
		{
			"ImportPath": "k8s.io/client-go/util/clock",
			"Comment": "v2.0.0-alpha.0-75-g6500775c",
			"Rev": "6500775c58c43486978291879ac9e1b0e9fc953f"
		},
		{
			"ImportPath": "k8s.io/client-go/util/flowcontrol",
			"Comment": "v2.0.0-alpha.0-75-g6500775c",
			"Rev": "6500775c58c43486978291879ac9e1b0e9fc953f"
		},
		{
			"ImportPath": "k8s.io/client-go/util/homedir",
			"Comment": "v2.0.0-alpha.0-75-g6500775c",
			"Rev": "6500775c58c43486978291879ac9e1b0e9fc953f"
		},
		{
			"ImportPath": "k8s.io/client-go/util/integer",
			"Comment": "v2.0.0-alpha.0-75-g6500775c",
			"Rev": "6500775c58c43486978291879ac9e1b0e9fc953f"
		},
		{
			"ImportPath": "k8s.io/client-go/util/testing",
			"Comment": "v2.0.0-alpha.0-75-g6500775c",
			"Rev": "6500775c58c43486978291879ac9e1b0e9fc953f"
		},
		{
			"ImportPath": "k8s.io/kube-openapi/pkg/common",
			"Rev": "c4fd2f0a5bff91647fd75e77ea52a8722264b0ce"
		},
		{
			"ImportPath": "k8s.io/kubernetes/pkg/kubelet/apis/stats/v1alpha1",
			"Comment": "v1.10.0-alpha.0-3-g274bac2",
			"Rev": "274bac23ce038619b338741a369f8a2e84bfb0cd"
		},
		{
			"ImportPath": "k8s.io/metrics/pkg/apis/metrics",
			"Rev": "fd2415bb9381a6731027b48a8c6b78f28e13f876"
		},
		{
			"ImportPath": "k8s.io/metrics/pkg/apis/metrics/install",
			"Rev": "fd2415bb9381a6731027b48a8c6b78f28e13f876"
		},
		{
			"ImportPath": "k8s.io/metrics/pkg/apis/metrics/v1alpha1",
			"Rev": "fd2415bb9381a6731027b48a8c6b78f28e13f876"
		}
	]
}
